Lilian,MONTES,lilian.montes@viacesi.fr
Louis,BEAUCHART,louis.beauchart@viacesi.fr
Romain,DHAEYER,romain.dhaeyer@viacesi.fr
Nicolas,STROH,nicolas.stroh@viacesi.fr
Antoine,BRAUD,antoine.braud@viacesi.fr
Yoan,LAROSE,yoan.larose@viacesi.fr
Hannah,SCARR,hannah.scarr@viacesi.fr
Salim,EL GHABLA,salim.elghabla@viacesi.fr
Téo,PETITJEAN,teo.petitjean@viacesi.fr
Nicolas,TETAUIRA,nicolas.tetauira@viacesi.fr
Marion,CASES,marion.cases@viacesi.fr
Gatien,PAGES,gatien.pages@viacesi.fr
Alice,GOUÈS,alice.goues@viacesi.fr
Alexis,BACHURSKI,alexis.bachurski@viacesi.fr
Quentin,GIBRAT,quentin.gibrat@viacesi.fr
Arsene,ONAMBELE,arseneromaric.onambele@viacesi.fr
Alexandre,PROSKURKA,alexandre.proskurka@viacesi.fr